,user_id,item_id,Sentimiento
0,76561197970982479,1250,positivo
1,76561197970982479,22200,positivo
2,76561197970982479,43110,neutral
3,js41637,251610,positivo
4,js41637,227300,neutral
5,js41637,239030,neutral
6,evcentric,370360,positivo
7,evcentric,237930,positivo
8,evcentric,263360,negativo
9,evcentric,107200,positivo
10,evcentric,224500,positivo
11,doctr,250320,positivo
12,doctr,20920,positivo
13,doctr,204100,positivo
14,doctr,224600,positivo
15,doctr,207610,negativo
16,doctr,108710,positivo
17,maplemage,211420,neutral
18,maplemage,211820,neutral
19,maplemage,730,positivo
20,maplemage,204300,positivo
21,Wackky,249130,negativo
22,Wackky,207610,negativo
23,Wackky,550,neutral
24,Wackky,65800,negativo
25,Wackky,220,positivo
26,76561198089393905,72850,negativo
27,76561198089393905,440,neutral
28,76561198077246154,304930,neutral
29,WeiEDKrSat,4000,neutral
30,thequeenpanda,42910,neutral
31,death-hunter,232090,neutral
32,death-hunter,1250,positivo
33,death-hunter,4000,positivo
34,DJKamBer,304930,negativo
35,DJKamBer,570,positivo
36,DJKamBer,218620,positivo
37,DJKamBer,224260,neutral
38,DJKamBer,1250,positivo
39,DJKamBer,440,neutral
40,Rainbow-Dashie,730,positivo
41,Rainbow-Dashie,440,positivo
42,Rainbow-Dashie,49520,negativo
43,76561198043472122,33440,negativo
44,MarbleShrine,220200,positivo
45,PPanther,211820,neutral
46,devvonst,440,positivo
47,devvonst,218740,neutral
48,devvonst,550,positivo
49,starkillershadow553,238090,positivo
50,starkillershadow553,277430,neutral
51,76561198058373434,8870,neutral
52,76561198048353577,368230,negativo
53,76561198048353577,33930,neutral
54,76561198066046412,359320,negativo
55,76561198066046412,219640,positivo
56,tru_mu_,287980,neutral
57,76561198070565427,208090,neutral
58,76561198070565427,242700,neutral
59,76561198070565427,570,neutral
60,76561198070565427,224260,neutral
61,SavageEeEe,221100,positivo
62,76561198076909484,570,negativo
63,KanadeTheNeko,331470,positivo
64,KanadeTheNeko,4000,neutral
65,GoAwayZach,304930,positivo
66,76561198054540475,12210,positivo
67,76561198054540475,265210,neutral
68,76561198054540475,48700,neutral
69,76561198061252210,730,positivo
70,OfficialShroomsy,113200,neutral
71,boydeer,440,neutral
72,boydeer,383080,neutral
73,VVillis,213670,neutral
74,76561198083226897,105600,negativo
75,76561198075277292,730,neutral
76,76561198075277292,570,positivo
77,76561198028895010,231180,positivo
78,76561198028895010,620,positivo
79,diego9031,223710,neutral
80,diego9031,299360,neutral
81,diego9031,322330,positivo
82,diego9031,1250,neutral
83,diego9031,12100,neutral
84,diego9031,204360,positivo
85,diego9031,440,negativo
86,diego9031,224260,neutral
87,jarrodtrim,440,positivo
88,76561198067936203,440,positivo
89,76561198079770573,1840,neutral
90,76561198087586464,440,positivo
91,Derp-e,440,positivo
92,76561198070194565,233250,neutral
93,76561198070194565,248570,neutral
94,Rivtex,298630,neutral
95,UTNerd24,244210,neutral
96,UTNerd24,440,negativo
97,UTNerd24,376920,positivo
98,UTNerd24,257750,neutral
99,UTNerd24,221910,negativo
100,UTNerd24,2280,positivo
101,sandwiches1,417860,neutral
102,76561198138053270,218620,positivo
103,lucaswerg,218620,neutral
104,lucaswerg,222880,neutral
105,Life-Of-Blu,377160,positivo
106,Life-Of-Blu,211820,neutral
107,CaptianAutismo,252490,positivo
108,76561198075895633,440,neutral
109,kube134,251990,positivo
110,iamthekingofbrowntown,344760,negativo
111,iamthekingofbrowntown,252950,neutral
112,iamthekingofbrowntown,399730,positivo
113,yookobz,377160,positivo
114,yookobz,219150,positivo
115,Posiblydead,277430,positivo
116,Posiblydead,239820,positivo
117,Posiblydead,17410,positivo
118,Mossy_Gaming,440,positivo
119,76561198102421718,270550,neutral
120,76561198102421718,274940,positivo
121,76561198102421718,333930,neutral
122,76561198087407319,440,negativo
123,76561198056741844,730,neutral
124,sad-commie,212070,positivo
125,sad-commie,264140,neutral
126,76561198030567998,332800,neutral
127,76561198030567998,319630,positivo
128,76561198030567998,6020,neutral
129,76561198030567998,55230,positivo
130,76561198030567998,32430,neutral
131,Coldaniel,35450,positivo
132,Coldaniel,440,neutral
133,Coldaniel,236390,positivo
134,therealmorty,351570,neutral
135,therealmorty,212680,negativo
136,Berserklejerker,391540,neutral
137,76561198061730629,550,neutral
138,YoHuNz,440,neutral
139,YoHuNz,570,neutral
140,possessioniskey,72850,positivo
141,possessioniskey,440,neutral
142,possessioniskey,113400,negativo
143,76561198093112529,440,neutral
144,76561198060447950,200510,positivo
145,whiteofwolfing,730,positivo
146,sergarino,383080,neutral
147,76561198081962345,1250,neutral
148,Nozomikat,265610,neutral
149,Nozomikat,264200,neutral
150,Nozomikat,417860,neutral
151,Nozomikat,333600,positivo
152,Nozomikat,213670,neutral
153,Nozomikat,91310,neutral
154,Nozomikat,210770,negativo
155,xfluttersx,351640,neutral
156,xfluttersx,105600,positivo
157,xfluttersx,440,positivo
158,xfluttersx,47870,positivo
159,xfluttersx,383080,positivo
160,xfluttersx,410,positivo
161,76561198056290589,730,positivo
162,ii_voltage_ii,253710,neutral
163,ii_voltage_ii,339280,positivo
164,ii_voltage_ii,271290,positivo
165,ii_voltage_ii,203290,positivo
166,76561198097762318,440,neutral
167,76561198097762318,233150,negativo
168,Hirukaz,550,neutral
169,StelerForYou,730,positivo
170,StelerForYou,211820,positivo
171,76561198183396245,440,positivo
172,Xx-Woods,224260,positivo
173,Xx-Woods,317360,positivo
174,Xx-Woods,295550,positivo
175,Xx-Woods,250180,neutral
176,Xx-Woods,227940,neutral
177,Xx-Woods,17520,neutral
178,Xx-Woods,113420,positivo
179,kevinator23,320760,negativo
180,kevinator23,8850,neutral
181,kevinator23,233720,neutral
182,kevinator23,218620,negativo
183,kevinator23,730,positivo
184,kevinator23,219740,positivo
185,kevinator23,220240,neutral
186,kevinator23,440,neutral
187,76561198090715178,4000,positivo
188,76561198090715178,304930,positivo
189,CatsWhale,333950,neutral
190,CatsWhale,388520,neutral
191,CatsWhale,107410,neutral
192,CatsWhale,206210,neutral
193,76561198073784601,221100,positivo
194,mimimomoma,730,negativo
195,76561198102410011,440,neutral
196,de_Butl3r,209870,neutral
197,Bluezap1,440,positivo
198,Bluezap1,730,positivo
199,Bluezap1,362890,positivo
200,Bluezap1,413850,neutral
201,76561198074200011,730,positivo
202,L1J1N,570,positivo
203,Lord_Exploit,311560,neutral
204,Lord_Exploit,322170,neutral
205,AVATAR715,48240,negativo
206,AVATAR715,440,positivo
207,AVATAR715,248570,neutral
208,AVATAR715,264140,negativo
209,AVATAR715,4000,neutral
210,AVATAR715,266430,positivo
211,AVATAR715,316010,positivo
212,AVATAR715,249570,neutral
213,76561198078752187,240,negativo
214,A-Very-Sly-Person,304930,neutral
215,A-Very-Sly-Person,440,neutral
216,76561197994493402,264200,positivo
217,76561197994493402,440,positivo
218,76561198065656175,383080,neutral
219,97396295,301520,positivo
220,97396295,243870,positivo
221,97396295,218230,positivo
222,76561198126640317,251570,positivo
223,76561198126640317,221100,neutral
224,76561198126640317,316010,positivo
225,76561198126640317,218230,neutral
226,76561198126640317,333930,positivo
227,76561198126640317,222880,neutral
228,76561198126640317,730,neutral
229,DemonicWolvz,55230,positivo
230,DemonicWolvz,232090,positivo
231,DemonicWolvz,4000,negativo
232,DemonicWolvz,206420,positivo
233,DemonicWolvz,224260,neutral
234,DemonicWolvz,550,positivo
235,DieMadchenschanderin,346110,neutral
236,DieMadchenschanderin,380770,negativo
237,DieMadchenschanderin,227680,neutral
238,GGargula,233250,neutral
239,getf0kinn0sc0pedm9,730,negativo
240,76561198141443390,730,positivo
241,whodafuqisthisguilao,730,positivo
242,Magjiikal,370480,positivo
243,Magjiikal,313740,neutral
244,ohnospaghet,1840,positivo
245,ohnospaghet,440,positivo
246,ohnospaghet,266210,positivo
247,ohnospaghet,264200,positivo
248,2768820078,287700,neutral
249,2768820078,377160,neutral
250,2768820078,221380,neutral
251,2768820078,333950,neutral
252,2768820078,222420,neutral
253,2768820078,271590,neutral
254,2768820078,298110,neutral
255,2768820078,222440,neutral
256,2d4nk4m3,317470,negativo
257,2d4nk4m3,47410,positivo
258,76561198095921854,245620,positivo
259,EizanAratoFujimaki,70,neutral
260,TeCool,274980,neutral
261,TeCool,202090,positivo
262,TeCool,339280,neutral
263,TeCool,314130,negativo
264,2xDelorean,570,neutral
265,2xDelorean,212680,positivo
266,2xDelorean,200210,positivo
267,2xDelorean,440,positivo
268,washington_,417860,neutral
269,jewxxl,251970,positivo
270,76561198088944293,304930,neutral
271,76561198092540221,400,positivo
272,76561198092540221,620,positivo
273,76561198092540221,238460,positivo
274,76561198092540221,6060,positivo
275,76561198092540221,440,positivo
276,76561198051258119,730,positivo
277,nubquake123,265610,positivo
278,Pyromanic,31280,neutral
279,Pyromanic,4000,positivo
280,Pyromanic,240,positivo
281,CobRazor,252490,negativo
282,relesprit,8930,positivo
283,WitchHunter4542,304930,positivo
284,WitchHunter4542,237310,neutral
285,WitchHunter4542,224260,positivo
286,pwrt,230410,neutral
287,pwrt,440,positivo
288,wantmahbody,440,positivo
289,benedictcuminherbatch,570,positivo
290,76561198031207016,8930,positivo
291,76561198043458582,105600,negativo
292,76561198043458582,221100,positivo
293,76561198043458582,107410,positivo
294,76561198043458582,231430,neutral
295,smashiroshh,218620,positivo
296,killbunny38,570,positivo
297,killbunny38,333930,negativo
298,76561198047630659,230410,neutral
299,1337lolroflmao,271590,neutral
300,1337lolroflmao,218620,neutral
301,1337lolroflmao,219740,positivo
302,1337lolroflmao,7940,positivo
303,1337lolroflmao,234190,negativo
304,1337lolroflmao,10180,positivo
305,1337lolroflmao,33900,positivo
306,1337lolroflmao,261030,positivo
307,1337lolroflmao,243470,neutral
308,sithjjf,302830,neutral
309,76561198060039459,570,neutral
310,OzfurAtlas,212680,negativo
311,76561198065593074,304930,negativo
312,76561198065593074,304050,positivo
313,76561198065593074,203750,negativo
314,76561198044169764,227940,neutral
315,76561198044169764,355180,neutral
316,76561198044169764,4000,neutral
317,euzi,236390,positivo
318,76561197961778802,730,positivo
319,thisissohardtomakeoneup,440,neutral
320,76561198087010391,4000,positivo
321,66666669999999,302830,neutral
322,76561198061174192,220200,positivo
323,76561198061174192,242760,neutral
324,ReMiXOfficalSteam,352460,positivo
325,Wilfire77,322920,positivo
326,76561198084390807,234792,neutral
327,76561198084390807,252490,neutral
328,Mastic,304050,neutral
329,Mastic,550,positivo
330,Mastic,206420,positivo
331,76561198028286104,10180,positivo
332,tarjla,304930,neutral
333,tarjla,265750,neutral
334,tarjla,252490,positivo
335,tarjla,4000,positivo
336,tarjla,211820,negativo
337,tarjla,105600,positivo
338,tarjla,730,positivo
339,deathnz1,276340,positivo
340,76561198104393251,304930,neutral
341,redsncrimson,274920,positivo
342,redsncrimson,211820,positivo
343,redsncrimson,49520,positivo
344,redsncrimson,223510,neutral
345,redsncrimson,440,positivo
346,H1DD3NT3RR0R,240,neutral
347,H1DD3NT3RR0R,105600,neutral
348,H1DD3NT3RR0R,204300,positivo
349,H1DD3NT3RR0R,730,neutral
350,H1DD3NT3RR0R,440,negativo
351,H1DD3NT3RR0R,570,negativo
352,76561198071214618,268750,positivo
353,76561198115115631,570,positivo
354,76561198071175142,570,positivo
355,76561198071175142,271590,positivo
356,t8s,360870,neutral
357,t8s,730,positivo
358,pikawuu2,12900,positivo
359,Sammeh00,301520,neutral
360,Michaelele,6060,negativo
361,Michaelele,730,positivo
362,Michaelele,107410,neutral
363,Michaelele,304930,positivo
364,76561198045754869,335670,negativo
365,76561198076098774,215080,positivo
366,76561198103253374,570,neutral
367,76561198048417105,271590,neutral
368,76561198048417105,730,positivo
369,76561198090842891,8190,neutral
370,76561198055767971,247730,negativo
371,76561197998052647,233630,neutral
372,76561198145436942,221100,positivo
373,jjas01,208812,negativo
374,jjas01,218620,neutral
375,jjas01,243120,positivo
376,jjas01,234140,positivo
377,jjas01,204450,positivo
378,jjas01,225260,neutral
379,jjas01,50300,positivo
380,jjas01,201810,positivo
381,3xotic26,500,positivo
382,3xotic26,440,positivo
383,3xotic26,49520,positivo
384,3xotic26,550,positivo
385,iamthetrashlord,206420,neutral
386,iamthetrashlord,213670,positivo
387,3dster,550,positivo
388,76561198079990063,231040,positivo
389,Forty-Nine,221100,neutral
390,76561198051017916,351040,neutral
391,76561198051017916,250600,neutral
392,L4M1NAS,221100,positivo
393,76561197995322437,264710,positivo
394,imsojipper,218620,neutral
395,76561198084542731,206420,neutral
396,76561198084542731,47790,positivo
397,76561198103671881,570,positivo
398,mrpfresh,346110,negativo
399,GamerFag,440,positivo
400,GamerFag,70,neutral
401,GamerFag,420,positivo
402,GamerFag,380,positivo
403,GamerFag,220,positivo
404,GamerFag,1250,positivo
405,EHS-R3AP3R,339230,neutral
406,EHS-R3AP3R,349700,positivo
407,EHS-R3AP3R,226700,positivo
408,EHS-R3AP3R,209160,positivo
409,chidori_647,219990,negativo
410,chidori_647,213670,neutral
411,chidori_647,21100,negativo
412,chidori_647,8190,neutral
413,chidori_647,215470,negativo
414,76561198092227136,730,positivo
415,76561198092227136,1250,neutral
416,hellcat59,4000,neutral
417,76561198007584361,401650,neutral
418,tbimperator,35450,positivo
419,Allahu_Akbar666,230410,positivo
420,Allahu_Akbar666,304930,negativo
421,ulramite,290020,neutral
422,ulramite,248860,neutral
423,-GM-Dragon,226700,negativo
424,-GM-Dragon,244850,neutral
425,76561198054040292,298260,neutral
426,76561198078799606,370240,negativo
427,76561198078799606,730,positivo
428,76561198078799606,233450,neutral
429,I_DID_911_JUST_SAYING,221260,neutral
430,diabeticfuck,218620,negativo
431,diabeticfuck,419070,neutral
432,diabeticfuck,333930,neutral
433,diabeticfuck,287700,neutral
434,76561198054465623,302830,neutral
435,76561198054465623,24240,positivo
436,76561198054465623,39800,neutral
437,76561198054465623,250600,neutral
438,76561198054465623,105600,positivo
439,76561198054465623,113020,neutral
440,aaropro,440,neutral
441,abiam,238960,neutral
442,FrankoWalker,310370,neutral
443,FrankoWalker,260410,neutral
444,FrankoWalker,236390,negativo
445,LightfootSword7,221100,neutral
446,SALTTHEW0UND,248820,neutral
447,SALTTHEW0UND,730,positivo
448,SALTTHEW0UND,550,positivo
449,SALTTHEW0UND,204030,positivo
450,SALTTHEW0UND,440,positivo
451,SALTTHEW0UND,383080,positivo
452,express157,304930,positivo
453,76561198074644990,242760,neutral
454,76561198074644990,207230,positivo
455,76561198074644990,9180,negativo
456,76561198064304806,730,negativo
457,TomoeMamiewe,10150,neutral
458,76561198057086148,214950,neutral
459,Acidius99,218620,positivo
460,Acidius99,220240,positivo
461,Acidius99,271290,negativo
462,acorn13,313740,neutral
463,acorn13,34330,neutral
464,acorn13,271590,positivo
465,AddzyTheBaddzy,291550,positivo
466,AddzyTheBaddzy,259080,positivo
467,mrfunkyjunkie,233250,neutral
468,mrfunkyjunkie,256350,positivo
469,mrfunkyjunkie,249380,positivo
470,76561198167207237,391540,negativo
471,76561198167207237,265930,neutral
472,76561198167207237,620,positivo
473,cancerkek,730,neutral
474,76561198073508075,10090,positivo
475,76561198073508075,218680,neutral
476,advenger95,22370,positivo
477,advenger95,307690,neutral
478,advenger95,72850,positivo
479,EndAtHallow,1250,neutral
480,76561198063624801,440,negativo
481,aeryal,440,positivo
482,76561198070263209,570,neutral
483,76561198015968275,248610,neutral
484,Agiegamma,208090,positivo
485,76561198082614708,250340,positivo
486,Agronoth,244850,positivo
487,Agronoth,221640,positivo
488,Agronoth,104900,positivo
489,Agronoth,105600,positivo
490,Agronoth,9450,neutral
491,UnholyFallenAngel,262410,positivo
492,UnholyFallenAngel,222940,positivo
493,UnholyFallenAngel,221040,neutral
494,76561198068565589,221100,neutral
495,76561198068565589,286570,neutral
496,76561198068565589,263440,positivo
497,SlutOnTheSpit,4000,positivo
498,WestyGaming,223710,neutral
499,NaruseAiria,317360,positivo
500,NaruseAiria,108600,negativo
501,NaruseAiria,259080,positivo
502,NaruseAiria,208520,neutral
503,76561198067713802,239660,neutral
504,76561198067713802,304930,positivo
505,Alex680,4000,positivo
506,alansiulun,295270,positivo
507,alansiulun,265930,positivo
508,Albolah,283920,neutral
509,Albolah,440,positivo
510,Albolah,294650,neutral
511,76561198003056556,233720,neutral
512,maxpaynepillkiller,12120,neutral
513,maxpaynepillkiller,55230,positivo
514,AlexNoClutch,227860,negativo
515,Alexwai04,218620,neutral
516,76561198095481910,208090,negativo
517,AlkalineDeath,228280,neutral
518,AlkalineDeath,240760,neutral
519,76561198075935236,226700,neutral
520,76561198075935236,250900,positivo
521,mintifreshbadger,35450,neutral
522,AlpacaRevolution,212680,positivo
523,AlpacaRevolution,346110,neutral
524,76561198071952798,205100,positivo
525,76561198009001563,570,neutral
526,76561198016753953,271290,positivo
527,76561198016753953,570,neutral
528,smegmyfoodle,346010,positivo
529,smegmyfoodle,239250,negativo
530,76561198057869849,313120,positivo
531,76561198058836921,211820,positivo
532,lol_ursuchanoob,218620,negativo
533,lol_ursuchanoob,12210,negativo
534,lol_ursuchanoob,220240,neutral
535,lol_ursuchanoob,17300,neutral
536,AMV72,206440,positivo
537,AMV72,209100,negativo
538,AMV72,209000,neutral
539,AMV72,218060,positivo
540,AMV72,24240,positivo
541,76561198069170979,440,positivo
542,76561198132540690,730,negativo
543,76561198132540690,220200,neutral
544,711armageddoncarmageddon,113020,neutral
545,711armageddoncarmageddon,105600,positivo
546,711armageddoncarmageddon,9480,positivo
547,Andraison,22230,negativo
548,76561198055790408,203770,positivo
549,76561198069560699,550,positivo
550,76561198069560699,259080,neutral
551,76561198069560699,72850,neutral
552,76561198069560699,8870,neutral
553,76561198099625419,230410,neutral
554,76561198099625419,200260,neutral
555,76561198099625419,19900,positivo
556,76561198099625419,241540,neutral
557,76561198099625419,220,neutral
558,76561198084032274,227940,negativo
559,76561198084032274,236390,positivo
560,Angrovar,17390,positivo
561,Angrovar,359320,neutral
562,AngryAinsley,317360,neutral
563,AngryAinsley,253030,neutral
564,AngryAinsley,295110,positivo
565,AngryAinsley,264710,positivo
566,uradumbtit,274310,neutral
567,uradumbtit,4000,positivo
568,IKillNoobsFirst,730,positivo
569,76561198037888300,344770,positivo
570,1234865654,22380,positivo
571,76561198084123358,9900,positivo
572,Apachehavoc,107410,neutral
573,ApexNZ,221640,positivo
574,ApexNZ,202170,positivo
575,ApexNZ,49520,neutral
576,ApexNZ,245490,positivo
577,ApexNZ,313120,neutral
578,76561198039441595,113020,neutral
579,76561198039441595,319510,positivo
580,76561198039441595,20,neutral
581,76561198039441595,209080,negativo
582,76561198039441595,223470,neutral
583,76561198039441595,417860,neutral
584,76561198039441595,269250,neutral
585,76561198039441595,313740,negativo
586,76561198039441595,8190,negativo
587,76561198036687918,377160,neutral
588,benjamin27,730,neutral
589,benjamin27,244850,positivo
590,AppoGetsSuperAdmin,212500,neutral
591,AppoGetsSuperAdmin,570,negativo
592,AppoGetsSuperAdmin,104900,neutral
593,76561198049916759,219990,positivo
594,76561198049916759,293260,positivo
595,XABLAUziitu,214420,positivo
596,XABLAUziitu,105600,neutral
597,XABLAUziitu,440,neutral
598,XABLAUziitu,200210,neutral
599,76561198012909706,218130,positivo
600,dragonchief,252490,neutral
601,76561198040530605,218230,positivo
602,76561198040530605,104900,positivo
603,76561198040530605,440,positivo
604,76561198040530605,240,neutral
605,76561197974500703,8980,negativo
606,76561197974500703,31270,neutral
607,76561197974500703,113200,neutral
608,76561197974500703,8190,neutral
609,76561197974500703,43000,positivo
610,76561197974500703,18700,neutral
611,76561197974500703,98800,neutral
612,76561197974500703,107100,positivo
613,76561197974500703,630,neutral
614,76561197974500703,57300,positivo
615,76561198047185525,213670,positivo
616,76561198047185525,218620,neutral
617,76561198047185525,226620,neutral
618,bilyitu,570,neutral
619,bilyitu,730,neutral
620,76561198021244661,105600,positivo
621,76561198088538797,209870,positivo
622,deployablearchnagel,265630,neutral
623,rotflmaoman,401920,neutral
624,armouredmarshmallow,440,neutral
625,armouredmarshmallow,346900,neutral
626,armouredmarshmallow,630,positivo
627,76561198020928326,70,neutral
628,Array71,8500,negativo
629,Array71,244850,positivo
630,76561198039874575,221100,negativo
631,arronlim13,99900,positivo
632,ARTHERDUNGER10,250900,positivo
633,Mackus1011,211820,positivo
634,Mackus1011,380600,positivo
635,Mackus1011,22380,neutral
636,Mackus1011,252490,negativo
637,76561198041877981,2450,neutral
638,76561198041877981,241540,negativo
639,darkmassieh,107410,neutral
640,darkmassieh,230190,neutral
641,darkmassieh,391270,neutral
642,darkmassieh,301520,positivo
643,darkmassieh,227680,positivo
644,asianturtlefrenzy,246420,neutral
645,asianturtlefrenzy,289130,positivo
646,asianturtlefrenzy,234630,positivo
647,asianturtlefrenzy,249050,positivo
648,asianturtlefrenzy,418340,positivo
649,asianturtlefrenzy,223850,positivo
650,asianturtlefrenzy,263020,negativo
651,asianturtlefrenzy,287980,neutral
652,asianturtlefrenzy,245550,positivo
653,blowjobsfurdayzandgayz,570,neutral
654,blowjobsfurdayzandgayz,417860,neutral
655,blowjobsfurdayzandgayz,96100,negativo
656,76561198082992295,4000,neutral
657,76561198082992295,570,positivo
658,76561198082992295,440,positivo
659,LaLocaDeLosDulces,80,neutral
660,76561198064352761,56400,positivo
661,assassin_warman,72850,neutral
662,assassin_warman,105600,neutral
663,assassin_warman,219150,positivo
664,assassin_warman,218620,positivo
665,assassin_warman,440,positivo
666,Astrelt,385770,positivo
667,Astrelt,252630,positivo
668,Astrelt,212200,positivo
669,Astrelt,218680,neutral
670,Astrelt,230410,positivo
671,Astrelt,4000,neutral
672,Astrelt,346900,positivo
673,Astrelt,440,positivo
674,Astrelt,387860,negativo
675,Astrelt,221640,negativo
676,Swish0009,218620,neutral
677,Swish0009,203160,positivo
678,Swish0009,230410,neutral
679,Swish0009,219640,positivo
680,Swish0009,213850,neutral
681,Aurora99,72850,neutral
682,Aurora99,730,neutral
683,Aurora99,105600,positivo
684,Aurora99,550,neutral
685,Aurora99,369580,positivo
686,Aurora99,282440,neutral
687,Aurora99,1250,neutral
688,Aurora99,440,neutral
689,Aurora99,8400,neutral
690,76561198053071988,271590,negativo
691,76561198083375450,225640,neutral
692,76561198083375450,113420,positivo
693,76561198083375450,226700,negativo
694,76561198083375450,377160,positivo
695,76561198083375450,421770,negativo
696,76561198083375450,239220,neutral
697,76561198083375450,224600,neutral
698,76561198078730600,440,positivo
699,auzmoz,243870,positivo
700,auzmoz,320,neutral
701,auzmoz,8500,positivo
702,auzzie_96,289130,positivo
703,fatrangacuntnolifevirgin,202970,positivo
704,76561198064150679,20920,positivo
705,76561198110293299,265930,positivo
706,76561198110293299,346110,positivo
707,76561198110293299,304930,positivo
708,76561198110293299,236390,positivo
709,de_triggered,268650,neutral
710,de_triggered,224540,neutral
711,de_triggered,219640,positivo
712,de_triggered,233450,neutral
713,de_triggered,440,positivo
714,de_triggered,4000,positivo
715,de_triggered,236390,neutral
716,Azrafael,215530,neutral
717,76561198076301023,251570,neutral
718,hoarbiscuit,55230,neutral
719,bohgeraltofrivia,259700,neutral
720,bohgeraltofrivia,261640,positivo
721,TeH-B-Rad,730,neutral
722,TeH-B-Rad,440,positivo
723,BAW_Killer,221100,neutral
724,BAW_Killer,287700,negativo
725,BAW_Killer,359550,negativo
726,gamerdude7892,22380,neutral
727,2ez4medick,570,positivo
728,BBBirb,4000,positivo
729,AgentXiri,570,neutral
730,76561197998761331,310380,positivo
731,76561198096750939,4000,neutral
732,crispymemesmantheyremyfavourite,230410,positivo
733,crispymemesmantheyremyfavourite,383980,negativo
734,crispymemesmantheyremyfavourite,304050,neutral
735,crispymemesmantheyremyfavourite,212680,positivo
736,76561198074409406,391460,negativo
737,H-Alo,346010,neutral
738,420Blz,107410,positivo
739,76561198076548816,200210,negativo
740,76561198076548816,226700,positivo
741,76561198076548816,113020,positivo
742,76561198076548816,219740,positivo
743,chillrend,221100,neutral
744,chillrend,393010,positivo
745,chillrend,208090,positivo
746,chillrend,440,positivo
747,Gborges,440,neutral
748,lukeyturley,218230,positivo
749,76561198095142204,570,neutral
750,BOB_200,8400,neutral
751,76561198070735033,359290,neutral
752,76561198018560501,10500,positivo
753,76561198069458790,265630,neutral
754,76561198069458790,440,neutral
755,76561198051148175,218620,negativo
756,76561198047208452,220240,positivo
757,76561198047208452,113200,positivo
758,generalale,239160,negativo
759,generalale,220240,neutral
760,generalale,440,positivo
761,brendoboy,630,positivo
762,brendoboy,218620,negativo
763,brendoboy,208090,neutral
764,brendoboy,230410,negativo
765,brendoboy,322330,neutral
766,brendoboy,1250,positivo
767,76561198071234254,200210,neutral
768,76561198071234254,238460,positivo
769,76561198071234254,730,positivo
770,76561198071234254,105600,positivo
771,76561198071234254,440,positivo
772,76561197988934555,295110,positivo
773,76561197988934555,301520,positivo
774,Infixation,346560,neutral
775,Infixation,328220,positivo
776,Infixation,256410,positivo
777,Infixation,730,neutral
778,Infixation,252490,positivo
779,Infixation,203160,positivo
780,Infixation,39120,positivo
781,76561198047304525,239070,neutral
782,76561197994969639,91310,positivo
783,JuanManSnipez,730,positivo
784,Ben_Andy,265770,negativo
785,Ben_Andy,105600,neutral
786,Bennysaputra,10,neutral
787,76561198067021476,730,negativo
788,76561198045071942,310380,positivo
789,Bhappiikhat,304930,positivo
790,Ahahahahahahahahahahahahahahaha,570,negativo
791,BITCHPLESE,295110,negativo
792,BITCHPLESE,319630,negativo
793,Too_1337,220,positivo
794,Too_1337,4000,positivo
795,kinglemon1222,48700,positivo
796,76561198030636321,255710,negativo
797,IJustWantedToTalk,4000,positivo
798,IJustWantedToTalk,304930,positivo
799,IJustWantedToTalk,247730,neutral
800,76561198034643189,263280,negativo
801,LlamasInNigjamas,730,negativo
802,mavros88,369200,negativo
803,mavros88,288470,neutral
804,mavros88,209870,positivo
805,mavros88,216250,positivo
806,mavros88,50300,neutral
807,Hummingsenpai,333930,neutral
808,CHAAANG,10680,negativo
809,CHAAANG,238320,negativo
810,76561198077586769,440,positivo
811,bitmat,300570,positivo
812,bitmat,201420,neutral
813,bitmat,220240,neutral
814,bitmat,211420,neutral
815,76561198028483487,238260,positivo
816,Ghoster09,206210,neutral
817,Ghoster09,570,positivo
818,Ghoster09,440,positivo
819,76561198081496844,6060,positivo
820,180577,440,negativo
821,Barridos,4000,neutral
822,76561197988863895,248820,positivo
823,76561198042728201,221100,positivo
824,76561198042728201,202970,positivo
825,hbk1462,4000,positivo
826,76561198088724903,570,neutral
827,76561198057521157,344760,neutral
828,76561198057521157,251570,positivo
829,76561198057521157,290080,neutral
830,76561198057521157,313120,positivo
831,76561198057389499,222880,neutral
832,76561198057389499,252950,positivo
833,76561198057389499,4000,positivo
834,76561198057389499,440,positivo
835,FHK,237930,positivo
836,76561198030735076,570,neutral
837,76561198030735076,339610,negativo
838,Bluegills,293780,positivo
839,Bluegills,20530,positivo
840,Bluegills,208090,positivo
841,Bluegills,57300,neutral
842,Bluegills,39150,positivo
843,Bluegills,70,positivo
844,Bluegills,13210,positivo
845,Bluegills,22120,positivo
846,76561197970931849,204100,neutral
847,76561197970931849,319740,positivo
848,rrbr,244050,negativo
849,rrbr,270370,positivo
850,13lazer,33930,neutral
851,76561198044344399,352460,neutral
852,76561197999613236,251570,positivo
853,76561197999613236,271590,positivo
854,76561197999613236,24860,positivo
855,76561197999613236,333950,neutral
856,RespekPlox,72850,positivo
857,76561198062288797,333930,positivo
858,76561198062288797,346010,neutral
859,bobseagull,730,positivo
860,bobseagull,49520,negativo
861,bobseagull,242720,positivo
862,bobseagull,238460,positivo
863,bobseagull,251630,neutral
864,bobseagull,220240,negativo
865,bobseagull,4000,neutral
866,bokkkbokkk,346110,neutral
867,bokkkbokkk,346110,neutral
868,Bonesdontrattlethem,4000,neutral
869,76561198062403736,218620,neutral
870,76561198073642113,550,negativo
871,76561198073642113,218620,positivo
872,76561198073642113,55140,positivo
873,76561198211433640,730,neutral
874,ilyjoepoe,318430,positivo
875,Mantrouminati,570,neutral
876,hididdlyhoe,440,negativo
877,76561198027225504,230410,neutral
878,76561198027225504,218620,neutral
879,76561198027225504,323470,neutral
880,76561198027225504,271290,positivo
881,76561198027225504,630,positivo
882,76561198027225504,10680,positivo
883,dicksoutforboromir,334230,negativo
884,dicksoutforboromir,48700,negativo
885,dicksoutforboromir,224260,neutral
886,probotsteve,730,neutral
887,76561197977543317,243470,negativo
888,BrutalLegend69,225260,negativo
889,76561198007539695,45730,neutral
890,76561198007539695,99400,negativo
891,76561198064026657,96100,negativo
892,76561198064026657,1250,positivo
893,76561198024450886,213650,neutral
894,saint556,340050,negativo
895,saint556,234190,positivo
896,saint556,261880,positivo
897,saint556,230840,neutral
898,saint556,263760,positivo
899,saint556,233190,neutral
900,brettebear,220780,positivo
901,metiqu,730,neutral
902,Brianseb,440,neutral
903,spike_heart,237740,neutral
904,brocky0405,48700,neutral
905,brocky0405,383080,positivo
906,brocky0405,363970,neutral
907,brocky0405,730,neutral
908,brocky0405,440,positivo
909,brocky0405,212180,neutral
910,76561198046094676,72850,negativo
911,76561198046094676,4560,positivo
912,76561198046094676,203770,negativo
913,76561198046094676,17700,positivo
914,76561198046094676,25890,negativo
915,Vladimirputinisgreatman,8930,positivo
916,Br0wni3,730,positivo
917,76561198093381429,200210,neutral
918,76561198110065267,10090,neutral
919,76561198059167106,41300,positivo
920,76561198105270589,268750,neutral
921,76561198105270589,304930,positivo
922,76561198105270589,4000,positivo
923,76561198105270589,440,positivo
924,Trutle,291550,positivo
925,Trutle,224760,positivo
926,Trutle,219640,positivo
927,BugsyBro,322910,neutral
928,BugsyBro,6060,positivo
929,BugsyBro,291480,neutral
930,BugsyBro,4000,neutral
931,76561198074561346,274940,positivo
932,76561198074561346,8980,positivo
933,76561198074561346,730,positivo
934,76561198074561346,266840,positivo
935,76561198074561346,344760,positivo
936,76561198074561346,72850,positivo
937,76561198074561346,440,positivo
938,76561198094074209,246620,neutral
939,76561198094074209,226700,neutral
940,76561198094074209,393420,negativo
941,76561198087011672,208090,neutral
942,busternut,237870,positivo
943,busternut,224540,positivo
944,busternut,248570,positivo
945,busternut,12120,positivo
946,76561198075981950,221100,positivo
947,76561198075981950,570,neutral
948,Butteryyy,1840,positivo
949,76561198079326390,105600,negativo
950,76561198079326390,301520,neutral
951,76561198142749308,292030,neutral
952,76561198142749308,298110,negativo
953,897w463824638109276,252490,positivo
954,897w463824638109276,440,neutral
955,Butterz,72200,positivo
956,8789568,252490,neutral
957,76561198112547239,230410,neutral
958,ByzGirl,305620,neutral
959,ByzGirl,239030,positivo
960,C14M8S,200210,neutral
961,C14M8S,620,neutral
962,C14M8S,211820,positivo
963,C14M8S,570,neutral
964,C14M8S,42910,negativo
965,C14M8S,219640,negativo
966,C14M8S,550,neutral
967,C14M8S,99900,negativo
968,C14M8S,240,neutral
969,C14M8S,218620,neutral
970,1122305938,211820,neutral
971,1122305938,8870,neutral
972,1122305938,24860,positivo
973,1122305938,250420,negativo
974,76561198069050565,238960,positivo
975,76561198069050565,246280,neutral
976,Cabey64,220200,positivo
977,Cabey64,440,neutral
978,Cabey64,2700,positivo
979,Cabjoy,94400,positivo
980,Stormaggen,42910,positivo
981,gusvu,238010,positivo
982,gusvu,241930,neutral
983,Punixa,374301,neutral
984,Punixa,366660,neutral
985,Punixa,207140,positivo
986,Punixa,259080,neutral
987,76561198044402508,302590,positivo
988,76561198081987102,242880,neutral
989,76561198081987102,107100,neutral
990,76561197996741396,22380,positivo
991,calii,440,positivo
992,76561198084718144,209080,positivo
993,76561198077034833,56400,neutral
994,calypto52,49600,positivo
995,camduman,109600,positivo
996,camduman,440,neutral
997,camquarter,233720,positivo
998,aquelecaraqfazaquilo,205350,neutral
999,aquelecaraqfazaquilo,330840,neutral
1000,aquelecaraqfazaquilo,218230,neutral
1001,aquelecaraqfazaquilo,19000,neutral
1002,aquelecaraqfazaquilo,242050,positivo
1003,aquelecaraqfazaquilo,218620,neutral
1004,aquelecaraqfazaquilo,323500,neutral
1005,aquelecaraqfazaquilo,12210,neutral
1006,aquelecaraqfazaquilo,50650,neutral
1007,aquelecaraqfazaquilo,206420,neutral
1008,76561198079009374,4000,neutral
1009,76561197992910116,267750,positivo
1010,76561197992910116,259720,positivo
1011,76561197992910116,293920,neutral
1012,76561197992910116,248310,positivo
1013,76561197992910116,49520,positivo
1014,76561197992910116,238430,neutral
1015,jonjon4351,220240,positivo
1016,76561198008551473,22380,neutral
1017,76561198008551473,201810,positivo
1018,ThePyrite99,72850,positivo
1019,76561198062276935,221100,negativo
1020,76561198062276935,730,neutral
1021,76561198062276935,10680,positivo
1022,76561198048121243,252490,neutral
1023,76561198048121243,49520,negativo
1024,76561198048121243,219640,neutral
1025,CAPTAINVRITRAS,570,positivo
1026,ConkerBirdy,391540,neutral
1027,ConkerBirdy,239140,positivo
1028,ConkerBirdy,346010,neutral
1029,76561198078194423,105600,positivo
1030,76561198067657905,4000,positivo
1031,76561198070072786,417860,neutral
1032,76561198070072786,265930,negativo
1033,76561198070072786,400,positivo
1034,76561197966764681,730,negativo
1035,76561198007988939,305620,neutral
1036,ca_ra_cal,348960,neutral
1037,76561198067721589,220200,positivo
1038,76561198067721589,304930,neutral
1039,76561197996092338,440,neutral
1040,carouserwhite,4000,positivo
1041,carouserwhite,17520,neutral
1042,carouserwhite,109400,positivo
1043,76561198045631910,252490,neutral
1044,76561198078670623,4920,positivo
1045,Lord_Casso,287920,positivo
1046,Lord_Casso,323370,positivo
1047,76561198070087725,48700,neutral
1048,fsfs546hd,70000,negativo
1049,76561198045283919,244410,neutral
1050,76561198081438874,31280,negativo
1051,76561198072411281,17480,positivo
1052,76561198072411281,332800,negativo
1053,76561198072411281,319510,positivo
1054,76561198072411281,105600,neutral
1055,76561198032143135,105450,positivo
1056,CrazyGiraffe71,107410,positivo
1057,chalkmetal,225260,positivo
1058,kggj,239350,neutral
1059,kggj,219150,negativo
1060,asdasdfsadgdfhfgjggj,222880,neutral
1061,asdasdfsadgdfhfgjggj,4000,positivo
1062,elheat,440,positivo
1063,ElementalGodChaos,230410,positivo
1064,ElementalGodChaos,39000,negativo
1065,ElementalGodChaos,570,positivo
1066,ElementalGodChaos,263500,positivo
1067,ElementalGodChaos,440,neutral
1068,ElementalGodChaos,20500,positivo
1069,76561197971917242,249650,positivo
1070,melonmaniac,730,negativo
1071,melonmaniac,440,positivo
1072,76561198048491595,105600,neutral
1073,76561198074108172,730,neutral
1074,charmaps5,200510,neutral
1075,mexz1999,221180,positivo
1076,mexz1999,313740,negativo
1077,IchMasKung,301520,negativo
1078,IchMasKung,227940,neutral
1079,IchMasKung,35450,positivo
1080,IchMasKung,302830,neutral
1081,HoxtonPleaseDontSueMe,219740,neutral
1082,HoxtonPleaseDontSueMe,242760,neutral
1083,HoxtonPleaseDontSueMe,40800,positivo
1084,HoxtonPleaseDontSueMe,113200,neutral
1085,HoxtonPleaseDontSueMe,440,neutral
1086,76561198051215704,252490,neutral
1087,76561198051215704,8870,neutral
1088,76561198051215704,203160,positivo
1089,76561198074291619,99900,negativo
1090,cheetahpocalypse,72850,neutral
1091,cheetahpocalypse,440,positivo
1092,Axzothrift,393420,negativo
1093,harharharharhar,304930,neutral
1094,chicken_tonight,227940,neutral
1095,chicken_tonight,313120,positivo
1096,chicken_tonight,220200,positivo
1097,chicken_tonight,285900,positivo
1098,chicken_tonight,1840,positivo
1099,chicken_tonight,206190,neutral
1100,chicken_tonight,268650,positivo
1101,chicken_tonight,304930,positivo
1102,chicken_tonight,223670,positivo
1103,chidvd,107100,positivo
1104,chidvd,420,positivo
1105,chidvd,400,neutral
1106,chidvd,239720,negativo
1107,chidvd,224060,positivo
1108,chidvd,376560,neutral
1109,chidvd,290750,neutral
1110,chidvd,220,neutral
1111,76561198056960847,230410,neutral
1112,76561198056960847,243870,neutral
1113,76561198097450390,25890,neutral
1114,76561198097450390,4000,neutral
1115,76561198097450390,42960,negativo
1116,76561198097450390,304930,neutral
1117,aerpub,265930,neutral
1118,aerpub,236090,positivo
1119,76561198078733772,301520,neutral
1120,76561198061273070,105600,neutral
1121,SmeshDoge,17080,positivo
1122,SmeshDoge,218230,positivo
1123,SmeshDoge,440,positivo
1124,SmeshDoge,730,positivo
1125,SmeshDoge,49520,positivo
1126,SmeshDoge,6860,neutral
1127,76561198037342853,730,positivo
1128,76561198062869989,204360,positivo
1129,76561198062869989,570,positivo
1130,76561198062869989,730,negativo
1131,76561198062869989,206210,positivo
1132,harrisonnorris,730,positivo
1133,76561198142474106,4000,negativo
1134,76561198142474106,363620,neutral
1135,76561198142474106,397340,neutral
1136,76561198142474106,107410,neutral
1137,Los_Shmurdos,206420,positivo
1138,ciborg2000,107410,negativo
1139,ciborg2000,203290,neutral
1140,ciborg2000,304050,neutral
1141,ciborg2000,620,positivo
1142,Mikinmash,33930,positivo
1143,76561198060510583,440,positivo
1144,Norf_Norf,22380,neutral
1145,Norf_Norf,6020,neutral
1146,Norf_Norf,224260,neutral
1147,Norf_Norf,221100,neutral
1148,Norf_Norf,35450,neutral
1149,Norf_Norf,105600,positivo
1150,Norf_Norf,4000,positivo
1151,Norf_Norf,211820,negativo
1152,76561198041840982,4000,neutral
1153,76561198056339034,319510,positivo
1154,76561198056339034,292030,negativo
1155,76561198056339034,20920,positivo
1156,76561198056339034,206420,positivo
1157,OfficialSenix,312280,positivo
1158,OfficialSenix,417860,neutral
1159,OfficialSenix,440,positivo
1160,OfficialSenix,311210,positivo
1161,OfficialSenix,227940,positivo
1162,OfficialSenix,730,positivo
1163,OfficialSenix,4000,negativo
1164,OfficialSenix,273110,positivo
1165,OfficialSenix,570,positivo
1166,OfficialSenix,224260,negativo
1167,mike14476,8870,neutral
1168,mike14476,200510,positivo
1169,mike14476,22380,neutral
1170,Clawz3z,105600,positivo
1171,76561198079650317,34900,neutral
1172,76561198071207551,440,negativo
1173,76561198071207551,105600,neutral
1174,76561198071207551,264200,positivo
1175,76561198071207551,42680,positivo
1176,76561198071207551,354140,positivo
1177,76561198071207551,4000,neutral
1178,76561198071207551,218230,positivo
1179,76561198061039259,550,positivo
1180,76561198061039259,208090,positivo
1181,76561198061039259,34830,negativo
1182,76561198074202726,291210,positivo
1183,76561198074347537,4000,negativo
1184,SurfChicken,730,positivo
1185,76561198126142125,236390,neutral
1186,76561198043339975,252950,positivo
1187,76561198043339975,203140,neutral
1188,76561198043339975,202970,positivo
1189,76561198043339975,204450,positivo
1190,69bmw,355180,neutral
1191,69bmw,440,negativo
1192,76561198067414480,730,neutral
1193,76561198067414480,218620,positivo
1194,76561198078246064,233270,negativo
1195,76561198078246064,218230,positivo
1196,iamshingo,218620,positivo
1197,SirParadiseLost,239030,neutral
1198,SirParadiseLost,41700,neutral
1199,SirParadiseLost,218620,neutral
1200,SirParadiseLost,24240,neutral
1201,Rafantasma,440,positivo
1202,SupermanSocks17,200510,positivo
1203,SupermanSocks17,325610,positivo
1204,SupermanSocks17,203140,neutral
1205,SupermanSocks17,39120,neutral
1206,SupermanSocks17,72850,positivo
1207,SupermanSocks17,570,neutral
1208,SupermanSocks17,261030,positivo
1209,76561198061456632,8930,positivo
1210,76561198061456632,301640,positivo
1211,76561198061456632,223850,positivo
1212,76561198049614185,223710,positivo
1213,76561198049614185,236390,neutral
1214,76561198049614185,244450,negativo
1215,76561198049614185,8190,negativo
1216,76561198049614185,50130,positivo
1217,76561198049614185,227940,positivo
1218,76561198049614185,51100,positivo
1219,76561198049614185,22380,negativo
1220,76561198046958203,35420,positivo
1221,76561198046958203,221100,positivo
1222,76561198046958203,353690,neutral
1223,76561198046958203,238430,neutral
1224,76561198046958203,208090,positivo
1225,76561198046958203,24240,positivo
1226,76561198046958203,224260,neutral
1227,UnseenEvangelist,202970,negativo
1228,jichaelcoaching,377160,neutral
1229,MT-101,334230,negativo
1230,76561198172099661,440,negativo
1231,76561198172099661,4000,neutral
1232,76561198172099661,265630,neutral
1233,ConjuredMadness,219740,positivo
1234,ConjuredMadness,228180,positivo
1235,ConjuredMadness,209160,positivo
1236,cookieblade,219740,neutral
1237,coolslayer666,730,positivo
1238,cheese_is_illuminati,730,negativo
1239,76561198042756236,289650,neutral
1240,ndrss,255480,positivo
1241,ndrss,11610,positivo
1242,76561198081677554,22380,neutral
1243,76561198081677554,550,neutral
1244,Gamercubeeyes,271590,neutral
1245,76561198091515229,440,positivo
1246,NotJustAnyOrange,374570,positivo
1247,Cosmonaut123456789,440,neutral
1248,Cosmonaut123456789,12110,neutral
1249,Cosmonaut123456789,221100,neutral
1250,76561197971591275,377160,positivo
1251,aProfileInTheMidOfNowhere,730,positivo
1252,76561198107928649,202970,positivo
1253,76561198107928649,730,positivo
1254,76561198107928649,4000,neutral
1255,76561198056352983,231430,positivo
1256,76561198104404617,105600,neutral
1257,76561198104404617,304930,positivo
1258,76561198104404617,440,neutral
1259,76561198071955492,330830,positivo
1260,76561198071955492,214490,neutral
1261,76561198071955492,2600,neutral
1262,76561198071955492,330840,positivo
1263,76561198071955492,282070,neutral
1264,76561198071955492,230230,positivo
1265,76561198071955492,207610,neutral
1266,76561198071955492,70,neutral
1267,76561198071955492,20900,neutral
1268,bruhbruhxd,311210,positivo
1269,bruhbruhxd,221100,neutral
1270,Crazymac123,252490,neutral
1271,Crazymac123,221100,neutral
1272,Crazymac123,291480,positivo
1273,Crazymac123,230410,positivo
1274,76561198135673978,105600,neutral
1275,76561198045148546,306130,negativo
1276,76561198077244610,730,neutral
1277,76561198063850360,416690,positivo
1278,76561198080465715,304930,neutral
1279,cripla66,9930,neutral
1280,76561198064305132,440,neutral
1281,76561198067214601,224540,positivo
1282,76561198067214601,263020,positivo
1283,76561198067214601,207140,positivo
1284,76561198067214601,67370,positivo
1285,76561198067214601,250600,neutral
1286,76561198067214601,205100,positivo
1287,76561198017913139,227680,negativo
1288,76561198017913139,264710,negativo
1289,76561198017913139,263440,negativo
1290,OldLeakyBoat,250900,positivo
1291,SSAANNEESS,218620,negativo
1292,SSAANNEESS,251990,neutral
1293,SSAANNEESS,230410,positivo
1294,SSAANNEESS,227280,neutral
1295,getyourmarsbar,4920,neutral
1296,76561198107811819,224260,neutral
1297,76561198107811819,304930,positivo
1298,76561198107811819,346120,positivo
1299,76561198107811819,22120,negativo
1300,76561198107811819,212800,positivo
1301,76561198107811819,241640,positivo
1302,aweoplopo,42700,negativo
1303,76561198042921883,242760,negativo
1304,kanekicg,423880,negativo
1305,kanekicg,207610,negativo
1306,76561198048024738,383080,neutral
1307,76561198048024738,4000,negativo
1308,76561198084976671,8930,positivo
1309,76561198084976671,4700,positivo
1310,76561198084976671,10500,positivo
1311,76561198084976671,22370,positivo
1312,THE_ART_OF_FEEDING,209730,neutral
1313,THE_ART_OF_FEEDING,570,positivo
1314,76561198039197193,208090,neutral
1315,76561197996190797,570,positivo
1316,76561197995146150,351555,positivo
1317,76561198082559637,250400,neutral
1318,76561198082559637,332350,positivo
1319,DKA013,208090,neutral
1320,DKA013,72850,positivo
1321,DKA013,201700,neutral
1322,76561198069345625,570,positivo
1323,D00MS,10180,positivo
1324,76561198059201575,107410,neutral
1325,76561198059201575,244850,positivo
1326,76561198060901683,213670,neutral
1327,76561198060901683,228380,positivo
1328,76561198074763789,203160,positivo
1329,76561198074763789,242920,neutral
1330,76561198074763789,314020,positivo
1331,76561198074763789,223470,negativo
1332,76561198074763789,57690,neutral
1333,76561198074763789,317360,neutral
1334,76561198074763789,233130,negativo
1335,DABLUICE,218620,neutral
1336,BlitzGames,249130,positivo
1337,BlitzGames,440,neutral
1338,BlitzGames,204300,neutral
1339,DaftyTM,730,negativo
1340,76561197992227006,301520,neutral
1341,76561197992227006,227680,neutral
1342,76561197992227006,208090,neutral
1343,76561197992227006,239070,neutral
1344,76561198070775610,113020,neutral
1345,76561198070775610,440,positivo
1346,76561198012514677,4000,positivo
1347,76561197970691715,212680,negativo
1348,misterross,241600,neutral
1349,misterross,104900,negativo
1350,76561198044888778,320350,positivo
1351,mainkradxdxdx,440,neutral
1352,76561198101576470,105600,positivo
1353,76561198101576470,304930,neutral
1354,76561198101576470,4000,positivo
1355,Dante69123,58610,neutral
1356,Dante69123,301520,neutral
1357,Dantress,263060,positivo
1358,76561198079220364,301520,negativo
1359,76561198079220364,8980,positivo
1360,DareTheSeal,233250,positivo
1361,DareTheSeal,48700,positivo
1362,DareTheSeal,236390,positivo
1363,blackcheeze,24720,positivo
1364,blackcheeze,216150,positivo
1365,blackcheeze,105600,positivo
1366,6dighero,325610,positivo
1367,6dighero,239140,neutral
1368,DarkDragonForce,244850,neutral
1369,76561198044594262,282070,neutral
1370,76561198044594262,730,neutral
1371,76561198021814659,224500,positivo
1372,76561198021814659,416670,neutral
1373,76561198021814659,280790,positivo
1374,76561198021814659,233860,neutral
1375,76561198078913614,312990,neutral
1376,76561198078913614,550,positivo
1377,BOBROSSJPEGEXE,287450,negativo
1378,BOBROSSJPEGEXE,105600,positivo
1379,blablabla174,730,negativo
1380,fatppl,211420,neutral
1381,76561198050864519,273350,positivo
1382,datts,730,positivo
1383,sirkillsalot1337,200210,positivo
1384,sirkillsalot1337,218620,neutral
1385,76561198082545803,252490,positivo
1386,76561198115099755,211820,neutral
1387,76561198046045640,730,neutral
1388,76561198046045640,440,neutral
1389,76561198046045640,57690,positivo
1390,76561198046045640,55140,neutral
1391,76561198046045640,22380,neutral
1392,76561198046045640,4560,positivo
1393,76561198195091390,730,positivo
1394,76561198084697858,268750,neutral
1395,76561198084697858,212680,positivo
1396,76561198008827809,278080,negativo
1397,76561198008827809,234330,positivo
1398,76561198008827809,105600,positivo
1399,76561198039605834,236430,positivo
1400,Yugm,271290,neutral
1401,Yugm,248570,negativo
1402,Yugm,4000,positivo
1403,Yugm,244850,positivo
1404,dblddr,218620,neutral
1405,dblddr,440,positivo
1406,deathbreath220,250900,neutral
1407,76561198084112448,250500,positivo
1408,76561198097730477,238240,negativo
1409,DeepCrysis,730,neutral
1410,shay181,287390,neutral
1411,shay181,304930,positivo
1412,degen97,6060,positivo
1413,deltalink21,204180,positivo
1414,deltalink21,232090,neutral
1415,deltalink21,221640,neutral
1416,Qzt,224420,negativo
1417,Qzt,270550,positivo
1418,Qzt,104900,positivo
1419,Qzt,51100,positivo
1420,Qzt,204300,positivo
1421,Qzt,730,positivo
1422,Qzt,113020,neutral
1423,76561198052661205,224540,neutral
1424,76561198052661205,4000,positivo
1425,76561198071716213,346110,negativo
1426,76561198071716213,264710,neutral
1427,76561198071716213,319510,neutral
1428,76561198065988138,1250,neutral
1429,Denied72,43110,positivo
1430,76561198034337192,243870,positivo
1431,76561198056953510,222900,positivo
1432,76561198056953510,49520,positivo
1433,76561198047363411,730,neutral
1434,76561198068479124,218230,neutral
1435,GetMLGRekt,383120,negativo
1436,GetMLGRekt,304930,positivo
1437,BoyangBao,99900,positivo
1438,meeman,241930,neutral
1439,fuzzygrilz,228940,neutral
1440,fuzzygrilz,49470,positivo
1441,fuzzygrilz,255420,negativo
1442,Derkness,251570,neutral
1443,76561198086282677,730,positivo
1444,76561198086282677,230410,negativo
1445,DerpyAura,440,positivo
1446,DerpyAura,550,positivo
1447,DerpyAura,218620,positivo
1448,DerpyAura,266010,neutral
1449,DerpyAura,235460,neutral
1450,DerpyAura,49520,positivo
1451,76561198021745490,251060,positivo
1452,beepbeepimasheep,327890,neutral
1453,76561198032293266,241540,neutral
1454,76561198032293266,239140,neutral
1455,76561198032293266,261030,positivo
1456,76561198057406795,333930,neutral
1457,76561198074942714,244850,neutral
1458,76561198091717988,265630,positivo
1459,76561198091717988,301520,neutral
1460,76561198091717988,570,positivo
1461,76561198126500843,227700,positivo
1462,Des_Mondo,244850,neutral
1463,76561198066881691,570,positivo
1464,76561198042146054,204360,negativo
1465,76561198093191096,243870,negativo
1466,Device600,730,neutral
1467,Devmabby,245170,negativo
1468,Devmabby,204100,neutral
1469,Devmabby,7670,positivo
1470,Devmabby,206190,neutral
1471,Devmabby,221100,neutral
1472,76561197980614542,730,positivo
1473,76561197971532272,13140,neutral
1474,76561197971532272,72840,positivo
1475,76561197971532272,8930,positivo
1476,wenndiesoldaten,4560,neutral
1477,TacticalLynx,730,neutral
1478,djman56,317400,positivo
1479,76561198114039731,620,positivo
1480,digfernandes,21690,positivo
1481,digfernandes,570,neutral
1482,digfernandes,214490,negativo
1483,digfernandes,304240,neutral
1484,digfernandes,214250,negativo
1485,digfernandes,70,negativo
1486,digfernandes,38410,neutral
1487,digfernandes,274190,neutral
1488,dijakeplays,346110,neutral
1489,dijakeplays,70000,positivo
1490,dijakeplays,321360,positivo
1491,ohplsguuby,570,neutral
1492,ohplsguuby,220,neutral
1493,ohplsguuby,550,neutral
1494,ohplsguuby,730,neutral
1495,ohplsguuby,255710,neutral
1496,ohplsguuby,233720,neutral
1497,ohplsguuby,105600,negativo
1498,ohplsguuby,265930,negativo
1499,ohplsguuby,233450,neutral
1500,NathanielPeace,239800,neutral
1501,NathanielPeace,333930,positivo
1502,NathanielPeace,329490,negativo
1503,NathanielPeace,278080,positivo
1504,NathanielPeace,250600,positivo
1505,76561198072486822,218620,neutral
1506,76561198099102298,230410,positivo
1507,76561198099102298,304930,negativo
1508,76561198059166102,319630,positivo
1509,ShrikeShrikeShrikeShrikeShrike,49600,neutral
1510,ShrikeShrikeShrikeShrikeShrike,730,neutral
1511,ShrikeShrikeShrikeShrikeShrike,221640,neutral
1512,ShrikeShrikeShrikeShrikeShrike,238460,neutral
1513,efefuyg3g4u5u22u4yv,302380,neutral
1514,efefuyg3g4u5u22u4yv,210770,positivo
1515,76561198058711482,105600,negativo
1516,dimitriirfan,730,neutral
1517,Dobble,8870,positivo
1518,76561198023903233,409160,positivo
1519,KingOfOpportunity,49520,negativo
1520,doctorpotatoes,243870,negativo
1521,doctorpotatoes,204300,neutral
1522,doctorpotatoes,374570,neutral
1523,doctorpotatoes,274190,positivo
1524,doctorpotatoes,219150,positivo
1525,doctorpotatoes,225140,neutral
1526,doctorpotatoes,730,neutral
1527,doctorpotatoes,233720,negativo
1528,doctorpotatoes,239030,negativo
1529,doctorpotatoes,265810,negativo
1530,76561198103858676,440,neutral
1531,76561198083029873,41070,negativo
1532,1920410,224540,negativo
1533,76561198049760472,730,positivo
1534,6294421419,224260,positivo
1535,6294421419,570,negativo
1536,76561198081443272,219740,neutral
1537,regentorange,221100,neutral
1538,regentorange,344760,neutral
1539,regentorange,208580,positivo
1540,regentorange,32370,positivo
1541,76561198120646995,301520,positivo
1542,76561197990557433,8930,neutral
1543,diglekango,218620,neutral
1544,diglekango,247000,positivo
1545,76561198055370293,221100,neutral
1546,76561198055370293,238320,neutral
1547,duzim,335330,neutral
1548,duzim,313740,neutral
1549,duzim,440,neutral
1550,duzim,351290,neutral
1551,76561197995098683,214490,positivo
1552,76561197995098683,40100,negativo
1553,DropBear99,221100,neutral
1554,banjoabbyshelly,271590,negativo
1555,swscorpian,346010,positivo
1556,swscorpian,25010,neutral
1557,swscorpian,357330,neutral
1558,thecosplayermotherfucker,440,neutral
1559,123repulseMe,244850,positivo
1560,123repulseMe,319630,positivo
1561,123repulseMe,49520,neutral
1562,76561197969800840,206190,positivo
1563,Cab117,266510,positivo
1564,Cab117,313120,neutral
1565,Cab117,102500,positivo
1566,Cab117,34870,neutral
1567,Cab117,230410,positivo
1568,Cab117,72850,neutral
1569,DrVendax,321980,neutral
1570,DrVendax,342300,positivo
1571,DrVendax,208090,neutral
1572,DrVendax,242760,positivo
1573,DrVendax,242920,positivo
1574,76561198090773476,107900,positivo
1575,76561198090773476,224540,negativo
1576,76561198090773476,24240,positivo
1577,thedragon347,570,neutral
1578,thedragon347,35720,positivo
1579,76561198015157743,206440,positivo
1580,76561198073725626,730,negativo
1581,76561198073725626,72850,negativo
1582,76561198073725626,203160,neutral
1583,76561198084378649,236110,positivo
1584,76561198097534775,287290,neutral
1585,76561198097534775,209000,negativo
1586,76561198097534775,550,positivo
1587,76561198097534775,44350,negativo
1588,DrumEssence,241540,neutral
1589,ashley1222,4000,neutral
1590,76561198165512984,4000,positivo
1591,76561198165512984,209160,positivo
1592,76561198165512984,730,negativo
1593,mrenigmate,35140,positivo
1594,vitoprofile,236850,neutral
1595,vitoprofile,8930,positivo
1596,vitoprofile,304930,neutral
1597,vitoprofile,65980,negativo
1598,vitoprofile,252490,negativo
1599,76561198057119793,244850,positivo
1600,76561198057119793,630,positivo
1601,JamesDurham23JubileeRd,730,neutral
1602,JamesDurham23JubileeRd,218620,neutral
1603,JamesDurham23JubileeRd,34330,neutral
1604,JamesDurham23JubileeRd,367240,neutral
1605,JamesDurham23JubileeRd,234190,negativo
1606,JamesDurham23JubileeRd,35450,neutral
1607,Congo-Jack,570,negativo
1608,76561198018159202,730,negativo
1609,76561198080980901,201810,negativo
1610,76561198080980901,570,positivo
1611,76561198080980901,48700,neutral
1612,76561198066955730,212500,neutral
1613,76561198066955730,47410,positivo
1614,76561198066955730,212180,positivo
1615,76561198066955730,550,positivo
1616,76561198066955730,200710,neutral
1617,76561198066955730,440,positivo
1618,76561198066955730,65800,positivo
1619,dyslexicdew,330840,neutral
1620,Dysloyal,243870,neutral
1621,Eack,218620,positivo
1622,76561198049435011,236390,positivo
1623,edgar_its_the_popo,72850,negativo
1624,edgar_its_the_popo,232090,neutral
1625,riseofnations231,730,positivo
1626,Efreak,207250,positivo
1627,Efreak,38240,positivo
1628,Efreak,200210,positivo
1629,Efreak,313340,negativo
1630,76561198038840599,65800,negativo
1631,76561198038840599,223710,negativo
1632,76561198038840599,1250,negativo
1633,76561198038840599,48700,positivo
1634,76561198038840599,218230,negativo
1635,SuccForCancer,8930,neutral
1636,UberDuckLord,238430,positivo
1637,hashandtag,252490,positivo
1638,hashandtag,730,positivo
1639,hashandtag,550,neutral
1640,JZargo4Pres,221380,neutral
1641,JZargo4Pres,730,neutral
1642,XavvPlays,319510,neutral
1643,XavvPlays,200260,negativo
1644,XavvPlays,440,positivo
1645,XavvPlays,226320,negativo
1646,XavvPlays,238460,negativo
1647,XavvPlays,45760,negativo
1648,XavvPlays,24200,positivo
1649,ELCHUZZY69,200210,neutral
1650,117331,570,positivo
1651,Clarkos,230410,negativo
1652,eljefe2171,295110,neutral
1653,eljefe2171,10500,neutral
1654,eljefe2171,227940,positivo
1655,76561198140431707,39000,negativo
1656,LapFucksTrax,234190,neutral
1657,LapFucksTrax,211820,neutral
1658,pon2543007,248610,neutral
1659,pon2543007,215530,positivo
1660,pon2543007,205100,neutral
1661,pon2543007,35450,neutral
1662,pon2543007,238320,positivo
1663,pon2543007,13570,neutral
1664,pon2543007,211400,neutral
1665,pon2543007,236430,positivo
1666,76561198064445006,346110,positivo
1667,en-esta-partecita-esta-zacler,281050,positivo
1668,EnderRay10420,230410,neutral
1669,EnderRay10420,9480,neutral
1670,Mr_Doge,4000,positivo
1671,76561198026040814,211420,neutral
1672,76561198026040814,214950,negativo
1673,76561198026040814,222750,negativo
1674,PurpleGenius,33930,positivo
1675,epicsquid,22370,positivo
1676,epicsquid,220780,positivo
1677,76561198097219763,224260,neutral
1678,76561198097219763,440,neutral
1679,76561198170217862,8930,positivo
1680,76561198117877658,248570,neutral
1681,76561198073082088,319630,neutral
1682,EternumHD,4000,positivo
1683,SpecialSomeone,730,positivo
1684,compuguy123,301520,positivo
1685,compuguy123,333950,negativo
1686,compuguy123,730,neutral
1687,compuguy123,35450,positivo
1688,76561198041889877,220240,negativo
1689,76561198041889877,235460,positivo
1690,76561198041889877,238460,positivo
1691,76561198041889877,211420,positivo
1692,76561198041889877,236390,positivo
1693,76561198064260593,49520,negativo
1694,hayen-,730,positivo
1695,76561198068174077,730,neutral
1696,76561197995939652,222880,positivo
1697,76561197995939652,218230,positivo
1698,76561197995939652,205100,positivo
1699,76561197995939652,550,positivo
1700,hoot_toot,271590,neutral
1701,hoot_toot,1900,neutral
1702,76561198028187926,374570,neutral
1703,ExtraEdition,224600,neutral
1704,76561198088408984,236390,neutral
1705,76561198088408984,214950,negativo
1706,76561198088408984,224260,neutral
1707,sgtkitty,299740,neutral
1708,76561198065247694,253710,negativo
1709,76561198065247694,339800,neutral
1710,76561198065247694,24240,positivo
1711,76561198065247694,1250,positivo
1712,76561198065247694,206210,neutral
1713,76561198054549164,289950,negativo
1714,76561198094506909,214490,neutral
1715,76561198094506909,252490,negativo
1716,Letachal,245550,positivo
1717,Letachal,249870,neutral
1718,Letachal,363970,positivo
1719,Letachal,207620,neutral
1720,Letachal,219740,neutral
1721,Letachal,207610,neutral
1722,Letachal,400,positivo
1723,Letachal,220,neutral
1724,Letachal,440,neutral
1725,76561198046912445,211820,neutral
1726,76561198046912445,301520,positivo
1727,76561198046912445,1250,positivo
1728,76561198046912445,212680,positivo
1729,falynax,730,neutral
1730,falynax,221100,negativo
1731,PlainLukekil,245170,neutral
1732,76561198103524411,200510,positivo
1733,76561198103524411,242860,neutral
1734,rockethaul,48700,positivo
1735,76561198106239471,730,positivo
1736,76561198085107826,570,neutral
1737,76561198047208774,4000,positivo
1738,76561198047208774,440,neutral
1739,FeatInk,271590,neutral
1740,FeatInk,7670,neutral
1741,FeatInk,105600,neutral
1742,FeatInk,550,positivo
1743,FeatInk,8870,neutral
1744,FeatInk,219890,neutral
1745,FeatInk,570,neutral
1746,bigprenis,218620,neutral
1747,bigprenis,730,neutral
1748,bigprenis,296470,positivo
1749,76561198068086235,49520,neutral
1750,dahaydos,243870,positivo
1751,dahaydos,222880,positivo
1752,dahaydos,247910,neutral
1753,dahaydos,107410,positivo
1754,dahaydos,221100,positivo
1755,dahaydos,440,neutral
1756,dahaydos,730,positivo
1757,matt20131,105600,neutral
1758,76561198028357316,221100,negativo
1759,76561198090768760,440,negativo
1760,Mrawes0m3,8930,neutral
1761,InsightXIVC,228380,neutral
1762,InsightXIVC,200710,neutral
1763,76561198054211660,730,neutral
1764,76561198054211660,262410,positivo
1765,76561198054211660,440,neutral
1766,izumireina,4000,neutral
1767,izumireina,730,positivo
1768,Fetolino,227940,positivo
1769,Fetolino,301520,positivo
1770,76561198032373589,235360,positivo
1771,76561198032373589,91700,neutral
1772,Fiesta787,252950,neutral
1773,76561197960425229,226980,positivo
1774,76561198057473311,346900,neutral
1775,76561198057473311,440,negativo
1776,76561198068825441,252490,negativo
1777,LetsBeOn,295110,positivo
1778,76561198061285334,264200,positivo
1779,76561198061285334,242720,positivo
1780,76561198061285334,33230,neutral
1781,Takmid,222880,positivo
1782,Takmid,282660,positivo
1783,76561198075229095,222880,neutral
1784,76561198003855855,250420,positivo
1785,OH_MY_GOSH,218620,negativo
1786,modtech,570,positivo
1787,modtech,243870,negativo
1788,modtech,391460,positivo
1789,Fliqi,730,neutral
1790,adderz308,730,neutral
1791,BajanCanidian,440,positivo
1792,BajanCanidian,218620,neutral
1793,Fluphy_,570,neutral
1794,Fluphy_,265930,positivo
1795,Fluphy_,550,positivo
1796,Fluphy_,440,neutral
1797,Fluphy_,49520,neutral
1798,Fluphy_,105600,negativo
1799,Fluphy_,730,neutral
1800,Fluphy_,4000,positivo
1801,76561198021135914,218620,positivo
1802,76561198162487321,346110,positivo
1803,76561198162487321,418070,positivo
1804,Anthonybasso,204300,neutral
1805,Anthonybasso,206210,positivo
1806,76561198124526584,219740,positivo
1807,76561198124526584,105600,positivo
1808,76561198044471846,730,positivo
1809,FORTHMINGUTH,304930,positivo
1810,FORTHMINGUTH,440,positivo
1811,TruBru,222900,neutral
1812,76561198007165405,209730,neutral
1813,tyrone266,440,positivo
1814,Frankaloons,107410,neutral
1815,Frankaloons,4000,neutral
1816,Frankaloons,270370,positivo
1817,Frankaloons,301970,neutral
1818,Frankaloons,275700,positivo
1819,jach5270,8190,positivo
1820,jach5270,219150,positivo
1821,jach5270,550,neutral
1822,76561197995338574,730,neutral
1823,76561197995338574,374570,neutral
1824,76561197995338574,218620,positivo
1825,76561197995338574,28050,negativo
1826,76561197995338574,4000,positivo
1827,76561198066916378,244850,positivo
1828,76561198066916378,233250,positivo
1829,76561198066916378,440,positivo
1830,76561198066916378,6060,neutral
1831,76561198066916378,4000,positivo
1832,idsoftwaresquake,13250,positivo
1833,idsoftwaresquake,253610,neutral
1834,idsoftwaresquake,391540,neutral
1835,idsoftwaresquake,360740,negativo
1836,idsoftwaresquake,1250,positivo
1837,76561198057781627,290080,positivo
1838,76561198007208545,330210,negativo
1839,76561198062924967,64000,negativo
1840,76561198062924967,4560,neutral
1841,bradon745,730,positivo
1842,farmerbillson,227680,neutral
1843,iConnor_,440,positivo
1844,76561198091938654,204360,neutral
1845,76561198091938654,440,neutral
1846,dankememesforsweatyteens,230050,neutral
1847,76561198045421572,200210,negativo
1848,mudswipe,34900,negativo
1849,dazahh,208090,neutral
1850,dazahh,388520,negativo
1851,dazahh,107410,positivo
1852,dazahh,209160,neutral
1853,76561198019669521,8970,negativo
1854,76561197985634755,362890,neutral
1855,76561198067938749,730,neutral
1856,maketeanotwar,200710,neutral
1857,maketeanotwar,233290,neutral
1858,LeBovin,230410,neutral
1859,LeBovin,211420,positivo
1860,LeBovin,388520,positivo
1861,LeBovin,252490,positivo
1862,LeBovin,242760,positivo
1863,LeBovin,218620,positivo
1864,FunkMeister1,4000,neutral
1865,FunkMeister1,221910,neutral
1866,FunkMeister1,233250,positivo
1867,FunkMeister1,271290,negativo
1868,FunkMeister1,231430,neutral
1869,FunkMeister1,4560,positivo
1870,FunkMeister1,620,positivo
1871,FunkMeister1,6950,positivo
1872,FunkMeister1,13570,positivo
1873,76561198141880878,301520,negativo
1874,76561198025199025,72850,neutral
1875,76561198025199025,236090,positivo
1876,jb2481,570,positivo
1877,76561198034573935,48800,positivo
1878,76561198034573935,50130,neutral
1879,76561198034573935,24670,positivo
1880,76561198034573935,220200,positivo
1881,76561198034573935,33900,positivo
1882,76561198072724653,730,negativo
1883,76561198072724653,289650,negativo
1884,xKillerInstinct,730,positivo
1885,galvanicturtles,570,positivo
1886,JorazGamerGuy,259080,neutral
1887,JorazGamerGuy,212800,positivo
1888,JorazGamerGuy,730,positivo
1889,76561198089131001,203140,negativo
1890,loominis,335240,negativo
1891,tcase42,301520,positivo
1892,gatorgolfing,218620,negativo
1893,gatorgolfing,252490,positivo
1894,gatorgolfing,304240,negativo
1895,gatorgolfing,391540,positivo
1896,gatorgolfing,271590,positivo
1897,gatorgolfing,319510,positivo
1898,gatorgolfing,440,neutral
1899,gatorgolfing,10090,positivo
1900,gatorgolfing,730,neutral
1901,Has2Ragretz,208090,positivo
1902,76561198060072424,265630,negativo
1903,76561198060072424,304930,neutral
1904,76561198060072424,238960,neutral
1905,76561198060072424,242720,neutral
1906,76561198065466146,323370,positivo
1907,76561198065466146,212500,positivo
1908,76561198065466146,730,neutral
1909,HeavyfromHell,440,positivo
1910,HeavyfromHell,391540,neutral
1911,MysticZemo,10150,neutral
1912,MysticZemo,221640,neutral
1913,gfire555,301520,positivo
1914,gfire555,105600,positivo
1915,76561198050768829,730,negativo
1916,76561198036861500,550,positivo
1917,HiJason,273110,negativo
1918,ghostlybug22,570,neutral
1919,ghostlybug22,730,positivo
1920,ghostlybug22,8870,positivo
1921,ghostlybug22,10150,positivo
1922,ghostlybug22,205100,neutral
1923,ghostlybug22,252490,positivo
1924,ghostlybug22,55230,positivo
1925,GiBaPEzLife,730,positivo
1926,76561198079080583,72850,neutral
1927,gillinator,211820,positivo
